company,fy,payable_days,distillery_share,debt,finance_costs,trade_payables,cogs,sugar_rev,distillery_rev
Balrampur,2025-26,22.4,23.8,316935.41,7722.45,28230.6,460885.05,550722.98,172096.97
Balrampur,2024-25,24.6,22.6,262619.15,9346.09,27664.71,411135.33,489741.47,143001.24
Balrampur,2023-24,22.2,26.4,200825.3,8362.62,27843.81,457983.28,469731.38,168901.19
Balrampur,2022-23,33.7,21.2,187862.05,4864.68,31601.9,341939.67,433857.45,116397.55
Balrampur,2021-22,31.1,19.0,120962.9,3086.89,27784.55,326173.02,426298.12,100141.09
Balrampur,2020-21,61.6,16.2,123921.23,3929.59,59303.68,351186.14,435167.86,84152.27
Balrampur,2019-20,70.6,10.0,139895.32,6417.02,66994.5,346415.81,496360.52,54908.72
Balrampur,2018-19,61.5,9.5,167390.75999999998,4093.51,60624.87,359540.7,443741.3,46769.84
Balrampur,2017-18,92.9,6.6,87618.97,5203.0,78016.1,306487.53,469542.74,33167.46
Balrampur,2016-17,41.3,7.9,170174.25,5542.8,29162.74,257684.56,381326.8,32675.97
Triveni,2025-26,34.6,39.2,208322.0,9400.0,44432.0,468782.0,447660.0,288279.0
Triveni,2024-25,47.1,39.5,189150.0,7572.0,55946.0,433259.0,396695.0,259219.0
Triveni,2023-24,32.8,36.4,132461.15,4695.79,35646.07,396845.32,385786.71,220489.94
Triveni,2022-23,38.3,30.0,82243.31,4983.75,41460.13,395152.61,436194.64,186553.13
Triveni,2021-22,41.1,23.6,149553.27,4948.03,35075.67,311468.61,347384.63,107160.81
Triveni,2020-21,70.9,11.8,92685.90999999999,5143.7,62412.98,321491.82,406311.46,54375.56
Triveni,2019-20,91.7,8.8,138703.51,7931.7,75640.03,301067.82,404118.08,39116.65
Triveni,2018-19,84.6,7.3,160890.49,6798.78,63761.21,275190.34,273378.78,21397.93
Triveni,2017-18,88.8,3.5,111142.51,8533.87,62805.57,258145.53,321479.82,11589.18
Triveni,2016-17,45.4,5.7,151746.15,12655.44,25658.22,206446.07,279339.77,16795.98
Bajaj Hindusthan,2025-26,280.7,7.9,346495.0,2580.0,318224.0,413809.0,666645.0,56841.0
Bajaj Hindusthan,2024-25,291.9,9.4,349463.0,85146.0,352001.0,440226.0,676980.0,70527.0
Bajaj Hindusthan,2023-24,264.1,10.7,376929.0,15570.0,358551.0,495461.0,754468.0,90338.0
Bajaj Hindusthan,2022-23,324.3,12.5,424344.0,21010.0,450823.0,507448.0,779592.0,111076.0
Bajaj Hindusthan,2021-22,324.0,13.0,478683.0,25355.0,409225.0,460993.0,653219.0,98010.0
Bajaj Hindusthan,2020-21,307.3,4.8,538141.0,26309.0,445992.0,529732.0,813146.0,41447.0
Bajaj Hindusthan,2019-20,302.1,3.3,513953.0,30075.0,443952.0,536334.0,818292.0,27592.0
Bajaj Hindusthan,2018-19,268.5,5.9,538209.0,32178.0,416192.0,565863.0,830065.0,52495.0
Bajaj Hindusthan,2017-18,251.2,6.2,604868.0,68017.0,337267.0,490053.0,735347.0,48902.0
Bajaj Hindusthan,2016-17,251.8,7.6,570253.0,80207.0,278587.0,403788.0,591890.0,48487.0
