snapshot,source,state,season,payable,paid,arrear,paid_share
2019-07-16,PIB 19 Jul 2019 (RS reply),All India,2017-18,,,285.0,
2019-07-16,PIB 19 Jul 2019 (RS reply),Andhra Pradesh,2017-18,,,6.0,
2019-07-16,PIB 19 Jul 2019 (RS reply),Bihar,2017-18,,,12.0,
2019-07-16,PIB 19 Jul 2019 (RS reply),Chhattisgarh,2017-18,,,2.0,
2019-07-16,PIB 19 Jul 2019 (RS reply),Goa,2017-18,,,0.0,
2019-07-16,PIB 19 Jul 2019 (RS reply),Gujarat,2017-18,,,1.0,
2019-07-16,PIB 19 Jul 2019 (RS reply),Haryana,2017-18,,,0.0,
2019-07-16,PIB 19 Jul 2019 (RS reply),Karnataka,2017-18,,,5.0,
2019-07-16,PIB 19 Jul 2019 (RS reply),Madhya Pradesh,2017-18,,,4.0,
2019-07-16,PIB 19 Jul 2019 (RS reply),Maharashtra,2017-18,,,62.0,
2019-07-16,PIB 19 Jul 2019 (RS reply),Odisha,2017-18,,,0.0,
2019-07-16,PIB 19 Jul 2019 (RS reply),Puducherry,2017-18,,,0.0,
2019-07-16,PIB 19 Jul 2019 (RS reply),Punjab,2017-18,,,39.0,
2019-07-16,PIB 19 Jul 2019 (RS reply),Tamil Nadu,2017-18,,,0.0,
2019-07-16,PIB 19 Jul 2019 (RS reply),Telangana,2017-18,,,0.0,
2019-07-16,PIB 19 Jul 2019 (RS reply),Uttar Pradesh,2017-18,,,46.0,
2019-07-16,PIB 19 Jul 2019 (RS reply),Uttarakhand,2017-18,,,108.0,
2019-07-16,PIB 19 Jul 2019 (RS reply),All India,2018-19,,,15565.0,
2019-07-16,PIB 19 Jul 2019 (RS reply),Andhra Pradesh,2018-19,,,236.0,
2019-07-16,PIB 19 Jul 2019 (RS reply),Bihar,2018-19,,,856.0,
2019-07-16,PIB 19 Jul 2019 (RS reply),Chhattisgarh,2018-19,,,100.0,
2019-07-16,PIB 19 Jul 2019 (RS reply),Goa,2018-19,,,4.0,
2019-07-16,PIB 19 Jul 2019 (RS reply),Gujarat,2018-19,,,896.0,
2019-07-16,PIB 19 Jul 2019 (RS reply),Haryana,2018-19,,,145.0,
2019-07-16,PIB 19 Jul 2019 (RS reply),Karnataka,2018-19,,,598.0,
2019-07-16,PIB 19 Jul 2019 (RS reply),Madhya Pradesh,2018-19,,,31.0,
2019-07-16,PIB 19 Jul 2019 (RS reply),Maharashtra,2018-19,,,1169.0,
2019-07-16,PIB 19 Jul 2019 (RS reply),Odisha,2018-19,,,75.0,
2019-07-16,PIB 19 Jul 2019 (RS reply),Puducherry,2018-19,,,0.0,
2019-07-16,PIB 19 Jul 2019 (RS reply),Punjab,2018-19,,,902.0,
2019-07-16,PIB 19 Jul 2019 (RS reply),Tamil Nadu,2018-19,,,348.0,
2019-07-16,PIB 19 Jul 2019 (RS reply),Telangana,2018-19,,,120.0,
2019-07-16,PIB 19 Jul 2019 (RS reply),Uttar Pradesh,2018-19,,,9746.0,
2019-07-16,PIB 19 Jul 2019 (RS reply),Uttarakhand,2018-19,,,339.0,
2023-07-17,PIB 21 Jul 2023 (RS USQ 227),All India,2018-19,86723.0,86446.0,277.0,99.68
2023-07-17,PIB 21 Jul 2023 (RS USQ 227),Andhra Pradesh,2018-19,1499.0,1477.0,22.0,98.53
2023-07-17,PIB 21 Jul 2023 (RS USQ 227),Bihar,2018-19,2393.0,2343.0,50.0,97.91
2023-07-17,PIB 21 Jul 2023 (RS USQ 227),Chhattisgarh,2018-19,315.0,315.0,0.0,100.0
2023-07-17,PIB 21 Jul 2023 (RS USQ 227),Gujarat,2018-19,3199.0,3199.0,0.0,100.0
2023-07-17,PIB 21 Jul 2023 (RS USQ 227),Haryana,2018-19,2289.0,2289.0,0.0,100.0
2023-07-17,PIB 21 Jul 2023 (RS USQ 227),Karnataka,2018-19,12093.0,12089.0,4.0,99.97
2023-07-17,PIB 21 Jul 2023 (RS USQ 227),Madhya Pradesh,2018-19,1212.0,1212.0,0.0,100.0
2023-07-17,PIB 21 Jul 2023 (RS USQ 227),Maharashtra,2018-19,23414.0,23394.0,20.0,99.91
2023-07-17,PIB 21 Jul 2023 (RS USQ 227),Others,2018-19,119.0,119.0,0.0,100.0
2023-07-17,PIB 21 Jul 2023 (RS USQ 227),Punjab,2018-19,2399.0,2399.0,0.0,100.0
2023-07-17,PIB 21 Jul 2023 (RS USQ 227),Tamil Nadu,2018-19,2839.0,2766.0,73.0,97.43
2023-07-17,PIB 21 Jul 2023 (RS USQ 227),Telangana,2018-19,734.0,734.0,0.0,100.0
2023-07-17,PIB 21 Jul 2023 (RS USQ 227),Uttar Pradesh,2018-19,33048.0,33048.0,0.0,100.0
2023-07-17,PIB 21 Jul 2023 (RS USQ 227),Uttarakhand,2018-19,1170.0,1062.0,108.0,90.77
2023-07-17,PIB 21 Jul 2023 (RS USQ 227),All India,2019-20,75931.0,75854.0,77.0,99.9
2023-07-17,PIB 21 Jul 2023 (RS USQ 227),Andhra Pradesh,2019-20,876.0,840.0,36.0,95.89
2023-07-17,PIB 21 Jul 2023 (RS USQ 227),Bihar,2019-20,2039.0,2000.0,39.0,98.09
2023-07-17,PIB 21 Jul 2023 (RS USQ 227),Chhattisgarh,2019-20,208.0,208.0,0.0,100.0
2023-07-17,PIB 21 Jul 2023 (RS USQ 227),Gujarat,2019-20,2973.0,2973.0,0.0,100.0
2023-07-17,PIB 21 Jul 2023 (RS USQ 227),Haryana,2019-20,2374.0,2374.0,0.0,100.0
2023-07-17,PIB 21 Jul 2023 (RS USQ 227),Karnataka,2019-20,10636.0,10636.0,0.0,100.0
2023-07-17,PIB 21 Jul 2023 (RS USQ 227),Madhya Pradesh,2019-20,877.0,877.0,0.0,100.0
2023-07-17,PIB 21 Jul 2023 (RS USQ 227),Maharashtra,2019-20,14157.0,14157.0,0.0,100.0
2023-07-17,PIB 21 Jul 2023 (RS USQ 227),Others,2019-20,4.0,4.0,0.0,100.0
2023-07-17,PIB 21 Jul 2023 (RS USQ 227),Punjab,2019-20,1740.0,1738.0,2.0,99.89
2023-07-17,PIB 21 Jul 2023 (RS USQ 227),Tamil Nadu,2019-20,2418.0,2418.0,0.0,100.0
2023-07-17,PIB 21 Jul 2023 (RS USQ 227),Telangana,2019-20,415.0,415.0,0.0,100.0
2023-07-17,PIB 21 Jul 2023 (RS USQ 227),Uttar Pradesh,2019-20,35898.0,35898.0,0.0,100.0
2023-07-17,PIB 21 Jul 2023 (RS USQ 227),Uttarakhand,2019-20,1316.0,1316.0,0.0,100.0
2023-07-17,PIB 21 Jul 2023 (RS USQ 227),All India,2020-21,93075.0,93002.0,73.0,99.92
2023-07-17,PIB 21 Jul 2023 (RS USQ 227),Andhra Pradesh,2020-21,635.0,635.0,0.0,100.0
2023-07-17,PIB 21 Jul 2023 (RS USQ 227),Bihar,2020-21,1440.0,1436.0,4.0,99.72
2023-07-17,PIB 21 Jul 2023 (RS USQ 227),Chhattisgarh,2020-21,190.0,190.0,0.0,100.0
2023-07-17,PIB 21 Jul 2023 (RS USQ 227),Gujarat,2020-21,3149.0,3149.0,0.0,100.0
2023-07-17,PIB 21 Jul 2023 (RS USQ 227),Haryana,2020-21,2628.0,2628.0,0.0,100.0
2023-07-17,PIB 21 Jul 2023 (RS USQ 227),Karnataka,2020-21,13519.0,13519.0,0.0,100.0
2023-07-17,PIB 21 Jul 2023 (RS USQ 227),Madhya Pradesh,2020-21,141.0,141.0,0.0,100.0
2023-07-17,PIB 21 Jul 2023 (RS USQ 227),Maharashtra,2020-21,32145.0,32086.0,59.0,99.82
2023-07-17,PIB 21 Jul 2023 (RS USQ 227),Others,2020-21,77.0,77.0,0.0,100.0
2023-07-17,PIB 21 Jul 2023 (RS USQ 227),Punjab,2020-21,1881.0,1875.0,6.0,99.68
2023-07-17,PIB 21 Jul 2023 (RS USQ 227),Tamil Nadu,2020-21,2672.0,2672.0,0.0,100.0
2023-07-17,PIB 21 Jul 2023 (RS USQ 227),Telangana,2020-21,365.0,365.0,0.0,100.0
2023-07-17,PIB 21 Jul 2023 (RS USQ 227),Uttar Pradesh,2020-21,33014.0,33010.0,4.0,99.99
2023-07-17,PIB 21 Jul 2023 (RS USQ 227),Uttarakhand,2020-21,1219.0,1219.0,0.0,100.0
2023-07-17,PIB 21 Jul 2023 (RS USQ 227),All India,2021-22,118271.0,118156.0,115.0,99.9
2023-07-17,PIB 21 Jul 2023 (RS USQ 227),Andhra Pradesh,2021-22,662.0,662.0,0.0,100.0
2023-07-17,PIB 21 Jul 2023 (RS USQ 227),Bihar,2021-22,1578.0,1578.0,0.0,100.0
2023-07-17,PIB 21 Jul 2023 (RS USQ 227),Chhattisgarh,2021-22,264.0,264.0,0.0,100.0
2023-07-17,PIB 21 Jul 2023 (RS USQ 227),Gujarat,2021-22,3891.0,3891.0,0.0,100.0
2023-07-17,PIB 21 Jul 2023 (RS USQ 227),Haryana,2021-22,2727.0,2727.0,0.0,100.0
2023-07-17,PIB 21 Jul 2023 (RS USQ 227),Karnataka,2021-22,20632.0,20632.0,0.0,100.0
2023-07-17,PIB 21 Jul 2023 (RS USQ 227),Madhya Pradesh,2021-22,1839.0,1839.0,0.0,100.0
2023-07-17,PIB 21 Jul 2023 (RS USQ 227),Maharashtra,2021-22,43313.0,43281.0,32.0,99.93
2023-07-17,PIB 21 Jul 2023 (RS USQ 227),Others,2021-22,120.0,120.0,0.0,100.0
2023-07-17,PIB 21 Jul 2023 (RS USQ 227),Punjab,2021-22,2308.0,2274.0,34.0,98.53
2023-07-17,PIB 21 Jul 2023 (RS USQ 227),Tamil Nadu,2021-22,3543.0,3543.0,0.0,100.0
2023-07-17,PIB 21 Jul 2023 (RS USQ 227),Telangana,2021-22,662.0,662.0,0.0,100.0
2023-07-17,PIB 21 Jul 2023 (RS USQ 227),Uttar Pradesh,2021-22,35201.0,35155.0,46.0,99.87
2023-07-17,PIB 21 Jul 2023 (RS USQ 227),Uttarakhand,2021-22,1531.0,1528.0,3.0,99.8
2023-07-17,PIB 21 Jul 2023 (RS USQ 227),All India,2022-23,113236.0,103737.0,9499.0,91.61
2023-07-17,PIB 21 Jul 2023 (RS USQ 227),Andhra Pradesh,2022-23,659.0,630.0,29.0,95.6
2023-07-17,PIB 21 Jul 2023 (RS USQ 227),Bihar,2022-23,2153.0,2139.0,14.0,99.35
2023-07-17,PIB 21 Jul 2023 (RS USQ 227),Chhattisgarh,2022-23,266.0,243.0,23.0,91.35
2023-07-17,PIB 21 Jul 2023 (RS USQ 227),Gujarat,2022-23,3363.0,1712.0,1651.0,50.91
2023-07-17,PIB 21 Jul 2023 (RS USQ 227),Haryana,2022-23,2862.0,2596.0,266.0,90.71
2023-07-17,PIB 21 Jul 2023 (RS USQ 227),Karnataka,2022-23,19730.0,19603.0,127.0,99.36
2023-07-17,PIB 21 Jul 2023 (RS USQ 227),Madhya Pradesh,2022-23,1771.0,1762.0,9.0,99.49
2023-07-17,PIB 21 Jul 2023 (RS USQ 227),Maharashtra,2022-23,35524.0,34893.0,631.0,98.22
2023-07-17,PIB 21 Jul 2023 (RS USQ 227),Others,2022-23,75.0,75.0,0.0,100.0
2023-07-17,PIB 21 Jul 2023 (RS USQ 227),Punjab,2022-23,2572.0,2359.0,213.0,91.72
2023-07-17,PIB 21 Jul 2023 (RS USQ 227),Tamil Nadu,2022-23,3708.0,3564.0,144.0,96.12
2023-07-17,PIB 21 Jul 2023 (RS USQ 227),Telangana,2022-23,805.0,791.0,14.0,98.26
2023-07-17,PIB 21 Jul 2023 (RS USQ 227),Uttar Pradesh,2022-23,38051.0,31736.0,6315.0,83.4
2023-07-17,PIB 21 Jul 2023 (RS USQ 227),Uttarakhand,2022-23,1697.0,1634.0,63.0,96.29
2024-07-31,"LS USQ 2624, 7 Aug 2024",All India,2018-19 & earlier,,,526.0,
2024-07-31,"LS USQ 2624, 7 Aug 2024",Andhra Pradesh,2018-19 & earlier,,,22.0,
2024-07-31,"LS USQ 2624, 7 Aug 2024",Bihar,2018-19 & earlier,,,68.0,
2024-07-31,"LS USQ 2624, 7 Aug 2024",Chhattisgarh,2018-19 & earlier,,,0.0,
2024-07-31,"LS USQ 2624, 7 Aug 2024",Gujarat,2018-19 & earlier,,,54.0,
2024-07-31,"LS USQ 2624, 7 Aug 2024",Haryana,2018-19 & earlier,,,0.0,
2024-07-31,"LS USQ 2624, 7 Aug 2024",Karnataka,2018-19 & earlier,,,4.0,
2024-07-31,"LS USQ 2624, 7 Aug 2024",Madhya Pradesh,2018-19 & earlier,,,6.0,
2024-07-31,"LS USQ 2624, 7 Aug 2024",Maharashtra,2018-19 & earlier,,,72.0,
2024-07-31,"LS USQ 2624, 7 Aug 2024",Odisha,2018-19 & earlier,,,3.0,
2024-07-31,"LS USQ 2624, 7 Aug 2024",Punjab,2018-19 & earlier,,,0.0,
2024-07-31,"LS USQ 2624, 7 Aug 2024",Tamil Nadu,2018-19 & earlier,,,51.0,
2024-07-31,"LS USQ 2624, 7 Aug 2024",Telangana,2018-19 & earlier,,,0.0,
2024-07-31,"LS USQ 2624, 7 Aug 2024",Uttar Pradesh,2018-19 & earlier,,,115.0,
2024-07-31,"LS USQ 2624, 7 Aug 2024",Uttarakhand,2018-19 & earlier,,,131.0,
2024-07-31,"LS USQ 2624, 7 Aug 2024",All India,2019-20,,,75.0,
2024-07-31,"LS USQ 2624, 7 Aug 2024",Andhra Pradesh,2019-20,,,36.0,
2024-07-31,"LS USQ 2624, 7 Aug 2024",Bihar,2019-20,,,39.0,
2024-07-31,"LS USQ 2624, 7 Aug 2024",Chhattisgarh,2019-20,,,0.0,
2024-07-31,"LS USQ 2624, 7 Aug 2024",Gujarat,2019-20,,,0.0,
2024-07-31,"LS USQ 2624, 7 Aug 2024",Haryana,2019-20,,,0.0,
2024-07-31,"LS USQ 2624, 7 Aug 2024",Karnataka,2019-20,,,0.0,
2024-07-31,"LS USQ 2624, 7 Aug 2024",Madhya Pradesh,2019-20,,,0.0,
2024-07-31,"LS USQ 2624, 7 Aug 2024",Maharashtra,2019-20,,,0.0,
2024-07-31,"LS USQ 2624, 7 Aug 2024",Odisha,2019-20,,,0.0,
2024-07-31,"LS USQ 2624, 7 Aug 2024",Punjab,2019-20,,,0.0,
2024-07-31,"LS USQ 2624, 7 Aug 2024",Tamil Nadu,2019-20,,,0.0,
2024-07-31,"LS USQ 2624, 7 Aug 2024",Telangana,2019-20,,,0.0,
2024-07-31,"LS USQ 2624, 7 Aug 2024",Uttar Pradesh,2019-20,,,0.0,
2024-07-31,"LS USQ 2624, 7 Aug 2024",Uttarakhand,2019-20,,,0.0,
2024-07-31,"LS USQ 2624, 7 Aug 2024",All India,2020-21,,,60.0,
2024-07-31,"LS USQ 2624, 7 Aug 2024",Andhra Pradesh,2020-21,,,0.0,
2024-07-31,"LS USQ 2624, 7 Aug 2024",Bihar,2020-21,,,4.0,
2024-07-31,"LS USQ 2624, 7 Aug 2024",Chhattisgarh,2020-21,,,0.0,
2024-07-31,"LS USQ 2624, 7 Aug 2024",Gujarat,2020-21,,,0.0,
2024-07-31,"LS USQ 2624, 7 Aug 2024",Haryana,2020-21,,,0.0,
2024-07-31,"LS USQ 2624, 7 Aug 2024",Karnataka,2020-21,,,0.0,
2024-07-31,"LS USQ 2624, 7 Aug 2024",Madhya Pradesh,2020-21,,,0.0,
2024-07-31,"LS USQ 2624, 7 Aug 2024",Maharashtra,2020-21,,,56.0,
2024-07-31,"LS USQ 2624, 7 Aug 2024",Odisha,2020-21,,,0.0,
2024-07-31,"LS USQ 2624, 7 Aug 2024",Punjab,2020-21,,,0.0,
2024-07-31,"LS USQ 2624, 7 Aug 2024",Tamil Nadu,2020-21,,,0.0,
2024-07-31,"LS USQ 2624, 7 Aug 2024",Telangana,2020-21,,,0.0,
2024-07-31,"LS USQ 2624, 7 Aug 2024",Uttar Pradesh,2020-21,,,0.0,
2024-07-31,"LS USQ 2624, 7 Aug 2024",Uttarakhand,2020-21,,,0.0,
2024-07-31,"LS USQ 2624, 7 Aug 2024",All India,2021-22,118271.0,118174.0,97.0,99.92
2024-07-31,"LS USQ 2624, 7 Aug 2024",Andhra Pradesh,2021-22,662.0,662.0,0.0,100.0
2024-07-31,"LS USQ 2624, 7 Aug 2024",Bihar,2021-22,1578.0,1578.0,0.0,100.0
2024-07-31,"LS USQ 2624, 7 Aug 2024",Chhattisgarh,2021-22,264.0,264.0,0.0,100.0
2024-07-31,"LS USQ 2624, 7 Aug 2024",Gujarat,2021-22,3891.0,3891.0,0.0,100.0
2024-07-31,"LS USQ 2624, 7 Aug 2024",Haryana,2021-22,2727.0,2727.0,0.0,100.0
2024-07-31,"LS USQ 2624, 7 Aug 2024",Karnataka,2021-22,20632.0,20632.0,0.0,100.0
2024-07-31,"LS USQ 2624, 7 Aug 2024",Madhya Pradesh,2021-22,1839.0,1839.0,0.0,100.0
2024-07-31,"LS USQ 2624, 7 Aug 2024",Maharashtra,2021-22,43313.0,43281.0,32.0,99.93
2024-07-31,"LS USQ 2624, 7 Aug 2024",Others,2021-22,120.0,120.0,0.0,100.0
2024-07-31,"LS USQ 2624, 7 Aug 2024",Punjab,2021-22,2308.0,2280.0,28.0,98.79
2024-07-31,"LS USQ 2624, 7 Aug 2024",Tamil Nadu,2021-22,3543.0,3543.0,0.0,100.0
2024-07-31,"LS USQ 2624, 7 Aug 2024",Telangana,2021-22,662.0,662.0,0.0,100.0
2024-07-31,"LS USQ 2624, 7 Aug 2024",Uttar Pradesh,2021-22,35201.0,35164.0,37.0,99.89
2024-07-31,"LS USQ 2624, 7 Aug 2024",Uttarakhand,2021-22,1531.0,1531.0,0.0,100.0
2024-07-31,"LS USQ 2624, 7 Aug 2024",All India,2022-23,114494.0,114256.0,238.0,99.79
2024-07-31,"LS USQ 2624, 7 Aug 2024",Andhra Pradesh,2022-23,660.0,660.0,0.0,100.0
2024-07-31,"LS USQ 2624, 7 Aug 2024",Bihar,2022-23,2189.0,2189.0,0.0,100.0
2024-07-31,"LS USQ 2624, 7 Aug 2024",Chhattisgarh,2022-23,266.0,266.0,0.0,100.0
2024-07-31,"LS USQ 2624, 7 Aug 2024",Gujarat,2022-23,3703.0,3703.0,0.0,100.0
2024-07-31,"LS USQ 2624, 7 Aug 2024",Haryana,2022-23,2862.0,2862.0,0.0,100.0
2024-07-31,"LS USQ 2624, 7 Aug 2024",Karnataka,2022-23,19748.0,19748.0,0.0,100.0
2024-07-31,"LS USQ 2624, 7 Aug 2024",Madhya Pradesh,2022-23,1771.0,1771.0,0.0,100.0
2024-07-31,"LS USQ 2624, 7 Aug 2024",Maharashtra,2022-23,35532.0,35507.0,25.0,99.93
2024-07-31,"LS USQ 2624, 7 Aug 2024",Others,2022-23,75.0,75.0,0.0,100.0
2024-07-31,"LS USQ 2624, 7 Aug 2024",Punjab,2022-23,2573.0,2573.0,0.0,100.0
2024-07-31,"LS USQ 2624, 7 Aug 2024",Tamil Nadu,2022-23,4562.0,4562.0,0.0,100.0
2024-07-31,"LS USQ 2624, 7 Aug 2024",Telangana,2022-23,805.0,805.0,0.0,100.0
2024-07-31,"LS USQ 2624, 7 Aug 2024",Uttar Pradesh,2022-23,38051.0,37838.0,213.0,99.44
2024-07-31,"LS USQ 2624, 7 Aug 2024",Uttarakhand,2022-23,1697.0,1697.0,0.0,100.0
2024-07-31,"LS USQ 2624, 7 Aug 2024",All India,2023-24,111136.0,105948.0,5188.0,95.33
2024-07-31,"LS USQ 2624, 7 Aug 2024",Andhra Pradesh,2023-24,581.0,563.0,18.0,96.9
2024-07-31,"LS USQ 2624, 7 Aug 2024",Bihar,2023-24,2371.0,2305.0,66.0,97.22
2024-07-31,"LS USQ 2624, 7 Aug 2024",Chhattisgarh,2023-24,302.0,237.0,65.0,78.48
2024-07-31,"LS USQ 2624, 7 Aug 2024",Gujarat,2023-24,3462.0,2372.0,1090.0,68.52
2024-07-31,"LS USQ 2624, 7 Aug 2024",Haryana,2023-24,2410.0,2384.0,26.0,98.92
2024-07-31,"LS USQ 2624, 7 Aug 2024",Karnataka,2023-24,19890.0,19825.0,65.0,99.67
2024-07-31,"LS USQ 2624, 7 Aug 2024",Madhya Pradesh,2023-24,2140.0,2122.0,18.0,99.16
2024-07-31,"LS USQ 2624, 7 Aug 2024",Maharashtra,2023-24,36758.0,36570.0,188.0,99.49
2024-07-31,"LS USQ 2624, 7 Aug 2024",Others,2023-24,89.0,89.0,0.0,100.0
2024-07-31,"LS USQ 2624, 7 Aug 2024",Punjab,2023-24,2474.0,2357.0,117.0,95.27
2024-07-31,"LS USQ 2624, 7 Aug 2024",Tamil Nadu,2023-24,3033.0,2959.0,74.0,97.56
2024-07-31,"LS USQ 2624, 7 Aug 2024",Telangana,2023-24,583.0,579.0,4.0,99.31
2024-07-31,"LS USQ 2624, 7 Aug 2024",Uttar Pradesh,2023-24,35910.0,32470.0,3440.0,90.42
2024-07-31,"LS USQ 2624, 7 Aug 2024",Uttarakhand,2023-24,1133.0,1116.0,17.0,98.5
