company,fy,revenue,cogs,trade_payables,borrow_noncurrent,borrow_current,finance_costs,sugar_rev,distillery_rev,report,bs_page,pl_page,seg_page,note
Balrampur,2025-26,627114.65,460885.05,28230.6,90824.95,226110.46,7722.45,550722.98,172096.97,BCML AR 2025-26,292,293,369,
Balrampur,2024-25,541537.83,411135.33,27664.71,48948.67,213670.48,9346.09,489741.47,143001.24,BCML AR 2025-26,292,293,369,
Balrampur,2023-24,559374.01,457983.28,27843.81,32634.28,168191.02,8362.62,469731.38,168901.19,BCML AR 2023-24,238,239,295,
Balrampur,2022-23,466586.17,341939.67,31601.9,42874.97,144987.08,4864.68,433857.45,116397.55,BCML AR 2023-24,238,239,295,
Balrampur,2021-22,484602.68,326173.02,27784.55,14419.87,106543.03,3086.89,426298.12,100141.09,BCML AR 2021-22 (BSE),191,192,248,
Balrampur,2020-21,481165.7,351186.14,59303.68,24227.34,99693.89,3929.59,435167.86,84152.27,BCML AR 2021-22 (BSE),191,192,248,
Balrampur,2019-20,474129.4,346415.81,66994.5,34026.12,105869.2,6417.02,496360.52,54908.72,BCML AR 2019-20 (BSE),159,160,221,"sugar_rev includes co-generation, reported as its own segment then"
Balrampur,2018-19,428577.51,359540.7,60624.87,27924.52,139466.24,4093.51,443741.3,46769.84,BCML AR 2019-20 (BSE),159,160,221,"sugar_rev includes co-generation, reported as its own segment then"
Balrampur,2017-18,440072.06,306487.53,78016.1,1066.81,86552.16,5203.0,469542.74,33167.46,BCML AR 2017-18 (BSE),125,126,175,"sugar_rev includes co-generation, reported as its own segment then"
Balrampur,2016-17,364099.71,257684.56,29162.74,12430.54,157743.71,5542.8,381326.8,32675.97,BCML AR 2017-18 (BSE),125,126,175,"sugar_rev includes co-generation, reported as its own segment then"
Triveni,2025-26,762048.0,468782.0,44432.0,26535.0,181787.0,9400.0,447660.0,288279.0,Triveni AR 2025-26 (BSE),134,134,162,
Triveni,2024-25,680708.0,433259.0,55946.0,32917.0,156233.0,7572.0,396695.0,259219.0,Triveni AR 2025-26 (BSE),134,134,162,
Triveni,2023-24,614914.1,396845.32,35646.07,17124.11,115337.04,4695.79,385786.71,220489.94,Triveni AR 2023-24 (BSE),119,119,146,
Triveni,2022-23,630690.29,395152.61,41460.13,14175.14,68068.17,4983.75,436194.64,186553.13,Triveni AR 2023-24 (BSE),119,119,146,
Triveni,2021-22,467744.03,311468.61,35075.67,26328.79,123224.48,4948.03,347384.63,107160.81,Triveni AR 2021-22 (BSE),168,169,225,
Triveni,2020-21,469320.49,321491.82,62412.98,26068.26,66617.65,5143.7,406311.46,54375.56,Triveni AR 2021-22 (BSE),168,169,225,
Triveni,2019-20,442357.18,301067.82,75640.03,44359.64,94343.87,7931.7,404118.08,39116.65,Triveni AR 2019-20 (BSE),135,136,187,"sugar_rev includes co-generation, reported as its own segment then"
Triveni,2018-19,315156.34,275190.34,63761.21,37349.54,123540.95,6798.78,273378.78,21397.93,Triveni AR 2019-20 (BSE),135,136,187,"sugar_rev includes co-generation, reported as its own segment then"
Triveni,2017-18,341238.37,258145.53,62805.57,3495.28,107647.23,8533.87,321479.82,11589.18,Triveni AR 2017-18 (BSE),110,111,157,"sugar_rev includes co-generation, reported as its own segment then"
Triveni,2016-17,296686.61,206446.07,25658.22,27536.23,124209.92,12655.44,279339.77,16795.98,Triveni AR 2017-18 (BSE),110,111,157,"sugar_rev includes co-generation, reported as its own segment then"
Bajaj Hindusthan,2025-26,542017.0,413809.0,318224.0,309574.0,36921.0,2580.0,666645.0,56841.0,BHSL AR 2025-26 (BSE),187,188,305,segment table taken from consolidated notes
Bajaj Hindusthan,2024-25,554226.0,440226.0,352001.0,349463.0,0.0,85146.0,676980.0,70527.0,BHSL AR 2025-26 (BSE),187,188,305,FY25 restated in the 2025-26 report; segment table taken from consolidated notes
Bajaj Hindusthan,2023-24,607656.0,495461.0,358551.0,349341.0,27588.0,15570.0,754468.0,90338.0,BHSL AR 2023-24 (BSE),171,172,207,segment table taken from consolidated notes
Bajaj Hindusthan,2022-23,630232.0,507448.0,450823.0,380903.0,43441.0,21010.0,779592.0,111076.0,BHSL AR 2023-24 (BSE),171,172,207,segment table taken from consolidated notes
Bajaj Hindusthan,2021-22,556909.0,460993.0,409225.0,424382.0,54301.0,25355.0,653219.0,98010.0,BHSL AR 2021-22 (BSE),141,142,234,segment table taken from consolidated notes
Bajaj Hindusthan,2020-21,667167.0,529732.0,445992.0,480232.0,57909.0,26309.0,813146.0,41447.0,BHSL AR 2021-22 (BSE),141,142,234,segment table taken from consolidated notes
Bajaj Hindusthan,2019-20,666560.0,536334.0,443952.0,513953.0,0.0,30075.0,818292.0,27592.0,BHSL AR 2019-20 (BSE),131,132,207,segment table taken from consolidated notes
Bajaj Hindusthan,2018-19,680382.0,565863.0,416192.0,538209.0,0.0,32178.0,830065.0,52495.0,BHSL AR 2019-20 (BSE),131,132,207,segment table taken from consolidated notes
Bajaj Hindusthan,2017-18,593838.0,490053.0,337267.0,589242.0,15626.0,68017.0,735347.0,48902.0,BHSL AR 2017-18 (BSE),95,96,165,segment table taken from consolidated notes
Bajaj Hindusthan,2016-17,461864.0,403788.0,278587.0,545979.0,24274.0,80207.0,591890.0,48487.0,BHSL AR 2017-18 (BSE),95,96,165,segment table taken from consolidated notes
