report,company,url,page_note
BCML AR 2025-26,Balrampur,https://chini.com/wp-content/uploads/2026/08/BCML-21.8.26.pdf,"page numbers in firm_typed.csv are PDF page numbers, not the printed ones"
BCML AR 2023-24,Balrampur,https://chini.com/wp-content/uploads/2024/07/BCML-AR-2023-24-2.pdf,"page numbers in firm_typed.csv are PDF page numbers, not the printed ones"
BCML AR 2021-22 (BSE),Balrampur,https://www.bseindia.com/bseplus/annualreport/500038/73914500038.pdf,"page numbers in firm_typed.csv are PDF page numbers, not the printed ones"
BCML AR 2019-20 (BSE),Balrampur,https://www.bseindia.com/bseplus/annualreport/500038/65252500038.pdf,"page numbers in firm_typed.csv are PDF page numbers, not the printed ones"
BCML AR 2017-18 (BSE),Balrampur,https://www.bseindia.com/bseplus/annualreport/500038/5000380318.pdf,"page numbers in firm_typed.csv are PDF page numbers, not the printed ones"
Triveni AR 2025-26 (BSE),Triveni,https://www.bseindia.com/xml-data/corpfiling/AttachHis/407be97b-dc62-4396-b07c-783e877e1296.pdf,"page numbers in firm_typed.csv are PDF page numbers, not the printed ones"
Triveni AR 2023-24 (BSE),Triveni,https://www.bseindia.com/xml-data/corpfiling/AttachHis/1b6bec4a-7d1d-45a9-862b-e4dfe9d5818d.pdf,"page numbers in firm_typed.csv are PDF page numbers, not the printed ones"
Triveni AR 2021-22 (BSE),Triveni,https://www.bseindia.com/bseplus/AnnualReport/532356/73994532356.pdf,"page numbers in firm_typed.csv are PDF page numbers, not the printed ones"
Triveni AR 2019-20 (BSE),Triveni,https://www.bseindia.com/bseplus/AnnualReport/532356/65796532356.pdf,"page numbers in firm_typed.csv are PDF page numbers, not the printed ones"
Triveni AR 2017-18 (BSE),Triveni,https://www.bseindia.com/bseplus/AnnualReport/532356/5323560318.pdf,"page numbers in firm_typed.csv are PDF page numbers, not the printed ones"
BHSL AR 2025-26 (BSE),Bajaj Hindusthan,https://www.bseindia.com/xml-data/corpfiling/AttachHis/d0552403-db43-4eb0-acdf-43daf4121bec.pdf,"page numbers in firm_typed.csv are PDF page numbers, not the printed ones"
BHSL AR 2023-24 (BSE),Bajaj Hindusthan,https://www.bseindia.com/xml-data/corpfiling/AttachHis/a8acef1e-f9a0-41aa-b902-cdcd412f64ad.pdf,"page numbers in firm_typed.csv are PDF page numbers, not the printed ones"
BHSL AR 2021-22 (BSE),Bajaj Hindusthan,https://www.bseindia.com/bseplus/AnnualReport/500032/74749500032.pdf,"page numbers in firm_typed.csv are PDF page numbers, not the printed ones"
BHSL AR 2019-20 (BSE),Bajaj Hindusthan,https://www.bseindia.com/bseplus/AnnualReport/500032/65274500032.pdf,"page numbers in firm_typed.csv are PDF page numbers, not the printed ones"
BHSL AR 2017-18 (BSE),Bajaj Hindusthan,https://www.bseindia.com/bseplus/AnnualReport/500032/5000320318.pdf,"page numbers in firm_typed.csv are PDF page numbers, not the printed ones"
